web-scraper-order,web-scraper-start-url,product_category,product_category-href,Product,Product-href,name,variants,description,price,packprice
"1536417295-23","https://naturestokri.com/product-category/all-organic-staples/","Foodgrains, oil & Masala","https://naturestokri.com/product-category/all-organic-staples/foodgrains-oil-masala/","<img
width=""300"" height=""200"" src=""https://naturestokri.com/wp-content/uploads/2018/07/Cow-Pea-Front-300x200.jpg"" class=""attachment-woocommerce_thumbnail size-woocommerce_thumbnail wp-post-image"" alt="""" />","https://naturestokri.com/store/all-organic-staples/pro-nature-cowpea-white-lobiya-organic-500gms/","Pro Nature Cowpea (White) / Lobiya-Organic – 500gms","","fssai Lic No:10015043001204

Manufactured By:

Pro Nature Organic Foods Pvt Ltd,

A-4,NGEF Ancillary Industrial Estate,Graphite India Road,Mahadevapura,Bangalore 560048,Karnataka","₹110.00","null"
"1536417265-11","https://naturestokri.com/product-category/all-organic-staples/","Atta, Flours & Sooji","https://naturestokri.com/product-category/all-organic-staples/foodgrains-oil-masala/atta-flours-sooji/","<img
width=""300"" height=""200"" src=""https://naturestokri.com/wp-content/uploads/2018/07/Atta-1-kg-front-300x200.jpg"" class=""attachment-woocommerce_thumbnail size-woocommerce_thumbnail wp-post-image"" alt=""Pronature Whole wheat Atta"" />","https://naturestokri.com/store/all-organic-staples/pro-nature-whole-wheat-atta-organic/","Pro Nature Whole Wheat Atta – 1kg Pack","","null","₹60.00","₹95.00"
"1536417366-52","https://naturestokri.com/product-category/all-organic-staples/","Foodgrains, oil & Masala","https://naturestokri.com/product-category/all-organic-staples/foodgrains-oil-masala/","<img
width=""300"" height=""200"" src=""https://naturestokri.com/wp-content/uploads/2018/07/Organic-moong-green-splitchilka-300x200.jpg"" class=""attachment-woocommerce_thumbnail size-woocommerce_thumbnail wp-post-image"" alt="""" />","https://naturestokri.com/store/all-organic-staples/organic-moong-green-split-with-chilka/","Organic Moong Green Split – With Chilka","<option value="""">Choose an option</option><option value=""500 gms"" class=""attached enabled"">500 gms</option>","We Strive to cycle resources, promote ecological balance, and conserve biodiversity and bring to you Organic Moong Green Split Chilka Dal that is grown using the best agricultural practices. This product is cleaned, processed and packed in the most hygienic conditions to preserve its natural nutrition for your health benefits.","₹91.00","₹79.00"
"1536417347-44","https://naturestokri.com/product-category/all-organic-staples/","Foodgrains, oil & Masala","https://naturestokri.com/product-category/all-organic-staples/foodgrains-oil-masala/","<img
width=""300"" height=""200"" src=""https://naturestokri.com/wp-content/uploads/2018/07/indrayani-rice-white-1-300x200.jpg"" class=""attachment-woocommerce_thumbnail size-woocommerce_thumbnail wp-post-image"" alt="""" />","https://naturestokri.com/store/all-organic-staples/organic-indrayani-rice-white/","Organic Indrayani Rice – White","<option value="""">Choose an option</option><option value=""1 kg Pouch"" class=""attached enabled"">1 kg Pouch</option>","We Strive to cycle resources, promote ecological balance, and conserve biodiversity and bring to you Organic Indrayani Rice White that is grown using the best agricultural practices. This product is cleaned, processed and packed in the most hygienic conditions to preserve its natural nutrition for your health benefits.","₹117.00","₹79.00"
"1536417349-45","https://naturestokri.com/product-category/all-organic-staples/","Foodgrains, oil & Masala","https://naturestokri.com/product-category/all-organic-staples/foodgrains-oil-masala/","<img
width=""300"" height=""200"" src=""https://naturestokri.com/wp-content/uploads/2018/07/Khapli-Gahu-300x200.jpg"" class=""attachment-woocommerce_thumbnail size-woocommerce_thumbnail wp-post-image"" alt="""" />","https://naturestokri.com/store/all-organic-staples/organic-wheat-khapli/","Organic Wheat Khapli","<option value="""">Choose an option</option><option value=""1 kg Pouch"" class=""attached enabled"">1 kg Pouch</option>","We Strive to cycle resources, promote ecological balance, and conserve biodiversity and bring to you Organic Wheat Khapli that is grown using the best agricultural practices. This product is cleaned, processed and packed in the most hygienic conditions to preserve its natural nutrition for your health benefits.","₹125.00","₹73.00"
"1536417281-18","https://naturestokri.com/product-category/all-organic-staples/","Atta, Flours & Sooji","https://naturestokri.com/product-category/all-organic-staples/foodgrains-oil-masala/atta-flours-sooji/","<img
width=""300"" height=""200"" src=""https://naturestokri.com/wp-content/uploads/2018/07/organic-whole-wheat-atta-300x200.jpg"" class=""attachment-woocommerce_thumbnail size-woocommerce_thumbnail wp-post-image"" alt="""" />","https://naturestokri.com/store/all-organic-staples/foodgrains-oil-masala/organic-wheat-flour-sharbati/","Organic Wheat Flour – Sharbati","","We Strive to cycle resources, promote ecological balance, and conserve biodiversity and bring to you Organic Wheat Flour – Sharbati that is grown using the best agricultural practices. This product is cleaned, processed and packed in the most hygienic conditions to preserve its natural nutrition for your health benefits.","₹104.00","null"
"1536417382-56","https://naturestokri.com/product-category/all-organic-staples/","Foodgrains, oil & Masala","https://naturestokri.com/product-category/all-organic-staples/foodgrains-oil-masala/","<img
width=""300"" height=""200"" src=""https://naturestokri.com/wp-content/uploads/2018/06/moth-wholematki-300x200.jpg"" class=""attachment-woocommerce_thumbnail size-woocommerce_thumbnail wp-post-image"" alt="""" />","https://naturestokri.com/store/all-organic-staples/organic-moth-matki-dal/","Organic Moth / Matki Dal","<option value="""">Choose an option</option><option value=""500 gms Pouch"" class=""attached enabled"">500 gms Pouch</option>","We Strive to cycle resources, promote ecological balance, and conserve biodiversity and bring to you Organic Moth / Matki Dal that is grown using the best agricultural practices. This product is cleaned, processed and packed in the most hygienic conditions to preserve its natural nutrition for your health benefits.","₹81.00","null"
"1536417330-37","https://naturestokri.com/product-category/all-organic-staples/","Foodgrains, oil & Masala","https://naturestokri.com/product-category/all-organic-staples/foodgrains-oil-masala/","<img
width=""300"" height=""200"" src=""https://naturestokri.com/wp-content/uploads/2018/07/organic-turmeric-powder-300x200.jpg"" class=""attachment-woocommerce_thumbnail size-woocommerce_thumbnail wp-post-image"" alt="""" />","https://naturestokri.com/store/all-organic-staples/organic-turmeric-powder-haldi-powder/","Organic Turmeric Powder / Haldi Powder","<option value="""">Choose an option</option><option value=""100 gms Pouch"" class=""attached enabled"">100 gms Pouch</option>","We Strive to cycle resources, promote ecological balance, and conserve biodiversity and bring to you Organic Turmeric powder / Haldi Powder that is prepared using the best agricultural practices. This product is cleaned, processed and packed in the most hygienic conditions to preserve its natural nutrition for your health benefits.","₹39.00","₹83.00"
"1536417311-30","https://naturestokri.com/product-category/all-organic-staples/","Foodgrains, oil & Masala","https://naturestokri.com/product-category/all-organic-staples/foodgrains-oil-masala/","<img
width=""300"" height=""200"" src=""https://naturestokri.com/wp-content/uploads/2018/07/organic-jaggery-300x200.jpg"" class=""attachment-woocommerce_thumbnail size-woocommerce_thumbnail wp-post-image"" alt="""" />","https://naturestokri.com/store/all-organic-staples/organic-jaggery/","Organic Jaggery","<option value="""">Choose an option</option><option value=""500 gms"" class=""attached enabled"">500 gms</option>","We Strive to cycle resources, promote ecological balance, and conserve biodiversity and bring to you Organic Jaggery that is prepared using the best agricultural practices. This product is cleaned, processed and packed in the most hygienic conditions to preserve its natural nutrition for your health benefits.","₹55.00","null"
"1536417317-32","https://naturestokri.com/product-category/all-organic-staples/","Foodgrains, oil & Masala","https://naturestokri.com/product-category/all-organic-staples/foodgrains-oil-masala/","<img
width=""300"" height=""200"" src=""https://naturestokri.com/wp-content/uploads/2018/07/organic-ajwain-300x200.jpg"" class=""attachment-woocommerce_thumbnail size-woocommerce_thumbnail wp-post-image"" alt="""" />","https://naturestokri.com/store/all-organic-staples/organic-carom-seeds-ajwain-ajwan/","Organic Carom Seeds / Ajwain / Ajwan","<option value="""">Choose an option</option><option value=""100 gms Pouch"" class=""attached enabled"">100 gms Pouch</option>","We Strive to cycle resources, promote ecological balance, and conserve biodiversity and bring to you Organic Carom Seeds / Ajwain / Ajwan that is grown using the best agricultural practices. This product is cleaned, processed and packed in the most hygienic conditions to preserve its natural nutrition for your health benefits.","₹54.00","null"
"1536417345-43","https://naturestokri.com/product-category/all-organic-staples/","Foodgrains, oil & Masala","https://naturestokri.com/product-category/all-organic-staples/foodgrains-oil-masala/","<img
width=""300"" height=""200"" src=""https://naturestokri.com/wp-content/uploads/2018/07/basmati-rice-white-1-300x200.jpg"" class=""attachment-woocommerce_thumbnail size-woocommerce_thumbnail wp-post-image"" alt="""" />","https://naturestokri.com/store/all-organic-staples/organic-basmati-rice-white/","Organic Basmati Rice White","<option value="""">Choose an option</option><option value=""1 kg Pouch"" class=""attached enabled"">1 kg Pouch</option>","We Strive to cycle resources, promote ecological balance, and conserve biodiversity and bring to you Organic Basmati Rice White that is grown using the best agricultural practices. This product is cleaned, processed and packed in the most hygienic conditions to preserve its natural nutrition for your health benefits.","₹194.00","₹73.00"
"1536417297-24","https://naturestokri.com/product-category/all-organic-staples/","Foodgrains, oil & Masala","https://naturestokri.com/product-category/all-organic-staples/foodgrains-oil-masala/","<img
width=""300"" height=""200"" src=""https://naturestokri.com/wp-content/uploads/2018/07/Chana-Dal-1-kg-Front-300x200.jpg"" class=""attachment-woocommerce_thumbnail size-woocommerce_thumbnail wp-post-image"" alt="""" />","https://naturestokri.com/store/all-organic-staples/pro-nature-channa-dal-organic-500gms/","Pro Nature Channa Dal – Organic – 500gms","","fssai Lic No:10015043001204

Manufactured By:

Pro Nature Organic Foods Pvt Ltd,

A-4,NGEF Ancillary Industrial Estate,Graphite India Road,Mahadevapura,Bangalore 560048,Karnataka","₹89.00","null"
"1536417377-54","https://naturestokri.com/product-category/all-organic-staples/","Foodgrains, oil & Masala","https://naturestokri.com/product-category/all-organic-staples/foodgrains-oil-masala/","<img
width=""300"" height=""200"" src=""https://naturestokri.com/wp-content/uploads/2018/06/channa-brown-small-300x200.jpg"" class=""attachment-woocommerce_thumbnail size-woocommerce_thumbnail wp-post-image"" alt="""" />","https://naturestokri.com/store/all-organic-staples/organic-channa-brown/","Organic Channa – Brown","<option value="""">Choose an option</option><option value=""500 gms"" class=""attached enabled"">500 gms</option>","We Strive to cycle resources, promote ecological balance, and conserve biodiversity and bring to you Organic Channa Brown that is grown using the best agricultural practices. This product is cleaned, processed and packed in the most hygienic conditions to preserve its natural nutrition for your health benefits.","₹71.00","₹73.00"
"1536417250-4","https://naturestokri.com/product-category/all-organic-staples/","Atta, Flours & Sooji","https://naturestokri.com/product-category/all-organic-staples/foodgrains-oil-masala/atta-flours-sooji/","<img
width=""300"" height=""200"" src=""https://naturestokri.com/wp-content/uploads/2018/08/HDSC3224-34-300x200.jpg"" class=""attachment-woocommerce_thumbnail size-woocommerce_thumbnail wp-post-image"" alt=""Natureap Besan"" />","https://naturestokri.com/store/all-organic-staples/foodgrains-oil-masala/atta-flours-sooji/natureap-besan-gram-flour-500gms/","Natureap Besan / Gram Flour- 500gms","","null","₹110.00","null"
"1536417261-9","https://naturestokri.com/product-category/all-organic-staples/","Atta, Flours & Sooji","https://naturestokri.com/product-category/all-organic-staples/foodgrains-oil-masala/atta-flours-sooji/","<img
width=""300"" height=""200"" src=""https://naturestokri.com/wp-content/uploads/2018/07/Maida-500g-front-300x200.jpg"" class=""attachment-woocommerce_thumbnail size-woocommerce_thumbnail wp-post-image"" alt=""Pro Nature Maida"" />","https://naturestokri.com/store/all-organic-staples/foodgrains-oil-masala/atta-flours-sooji/pro-nature-maida-500gms-pack/","Pro Nature Maida – 500gms Pack","","fssai Lic No:10015043001204

Manufactured By:

Pro Nature Organic Foods Pvt Ltd,

A-4,NGEF Ancillary Industrial Estate,Graphite India Road,Mahadevapura,Bangalore 560048,Karnataka","₹40.00","null"
"1536417392-59","https://naturestokri.com/product-category/all-organic-staples/","Foodgrains, oil & Masala","https://naturestokri.com/product-category/all-organic-staples/foodgrains-oil-masala/","<img
width=""300"" height=""200"" src=""https://naturestokri.com/wp-content/uploads/2018/06/channa-dal-300x200.jpg"" class=""attachment-woocommerce_thumbnail size-woocommerce_thumbnail wp-post-image"" alt="""" />","https://naturestokri.com/store/all-organic-staples/organic-channa-dal/","Organic Channa Dal","<option value="""">Choose an option</option><option value=""500gms"" class=""attached enabled"">500gms</option><option value=""1kg"" class=""attached enabled"">1kg</option>","We Strive to cycle resources, promote ecological balance, and conserve biodiversity and bring to you Organic Channa Dal that is grown using the best agricultural practices. This product is cleaned, processed and packed in the most hygienic conditions to preserve its natural nutrition for your health benefits.","₹79.00","₹79.00"
"1536417270-13","https://naturestokri.com/product-category/all-organic-staples/","Atta, Flours & Sooji","https://naturestokri.com/product-category/all-organic-staples/foodgrains-oil-masala/atta-flours-sooji/","<img
width=""300"" height=""200"" src=""https://naturestokri.com/wp-content/uploads/2018/07/khapli-wheat-flour-1-300x200.jpg"" class=""attachment-woocommerce_thumbnail size-woocommerce_thumbnail wp-post-image"" alt="""" />","https://naturestokri.com/store/all-organic-staples/organic-khapli-wheat-flour-wheat-khapli-atta/","Organic Khapli Wheat Flour / Wheat Khapli Atta","<option value="""">Choose an option</option><option value=""1 kg Pouch"" class=""attached enabled"">1 kg Pouch</option>","We Strive to cycle resources, promote ecological balance, and conserve biodiversity and bring to you Organic Khapli Wheat Flour/Khapli Atta that is grown using the best agricultural practices. This product is cleaned, processed and packed in the most hygienic conditions to preserve its natural nutrition for your health benefits.","₹136.00","₹73.00"
"1536417340-41","https://naturestokri.com/product-category/all-organic-staples/","Foodgrains, oil & Masala","https://naturestokri.com/product-category/all-organic-staples/foodgrains-oil-masala/","<img
width=""300"" height=""200"" src=""https://naturestokri.com/wp-content/uploads/2018/07/organic-red-raw-rice-300x200.jpg"" class=""attachment-woocommerce_thumbnail size-woocommerce_thumbnail wp-post-image"" alt="""" />","https://naturestokri.com/store/all-organic-staples/organic-red-rice/","Organic Red Rice","<option value="""">Choose an option</option><option value=""500 gms Pouch"" class=""attached enabled"">500 gms Pouch</option>","We Strive to cycle resources, promote ecological balance, and conserve biodiversity and bring to you Organic Red Rice that is grown using the best agricultural practices. This product is cleaned, processed and packed in the most hygienic conditions to preserve its natural nutrition for your health benefits.","₹62.00","null"
"1536417314-31","https://naturestokri.com/product-category/all-organic-staples/","Foodgrains, oil & Masala","https://naturestokri.com/product-category/all-organic-staples/foodgrains-oil-masala/","<img
width=""300"" height=""200"" src=""https://naturestokri.com/wp-content/uploads/2018/07/organic-powder-jaggery-300x200.jpg"" class=""attachment-woocommerce_thumbnail size-woocommerce_thumbnail wp-post-image"" alt="""" />","https://naturestokri.com/store/all-organic-staples/organic-jaggery-powder/","Organic Jaggery Powder","<option value="""">Choose an option</option><option value=""500 gms Pouch"" class=""attached enabled"">500 gms Pouch</option>","We Strive to cycle resources, promote ecological balance, and conserve biodiversity and bring to you Organic Jaggery Powder that is grown using the best agricultural practices. This product is cleaned, processed and packed in the most hygienic conditions to preserve its natural nutrition for your health benefits.","₹66.00","null"
"1536417279-17","https://naturestokri.com/product-category/all-organic-staples/","Atta, Flours & Sooji","https://naturestokri.com/product-category/all-organic-staples/foodgrains-oil-masala/atta-flours-sooji/","<img
width=""300"" height=""200"" src=""https://naturestokri.com/wp-content/uploads/2018/07/besan-flour-300x200.jpg"" class=""attachment-woocommerce_thumbnail size-woocommerce_thumbnail wp-post-image"" alt="""" />","https://naturestokri.com/store/all-organic-staples/foodgrains-oil-masala/atta-flours-sooji/organic-besan-gram-flour/","Organic Besan / Gram Flour","<option value="""">Choose an option</option><option value=""500 gms Pouch"" class=""attached enabled"">500 gms Pouch</option>","We Strive to cycle resources, promote ecological balance, and conserve biodiversity and bring to you Organic Besan / Gram Flour that is grown using the best agricultural practices. This product is cleaned, processed and packed in the most hygienic conditions to preserve its natural nutrition for your health benefits.","₹85.00","null"
"1536417289-20","https://naturestokri.com/product-category/all-organic-staples/","Foodgrains, oil & Masala","https://naturestokri.com/product-category/all-organic-staples/foodgrains-oil-masala/","<img
width=""300"" height=""200"" src=""https://naturestokri.com/wp-content/uploads/2018/07/Sonamasoori-Rice-White-5kg-front-300x200.jpg"" class=""attachment-woocommerce_thumbnail size-woocommerce_thumbnail wp-post-image"" alt=""Pro Nature White Sonamasoori Rice"" />","https://naturestokri.com/store/all-organic-staples/foodgrains-oil-masala/pro-nature-white-sonamasoori-rice-1kg-pack/","Pro Nature White Sonamasoori Rice – 1kg Pack","","fssai Lic No:10015043001204

Manufactured By:

Pro Nature Organic Foods Pvt Ltd,

A-4,NGEF Ancillary Industrial Estate,Graphite India Road,Mahadevapura,Bangalore 560048,Karnataka","₹96.00","₹95.00"
"1536417386-57","https://naturestokri.com/product-category/all-organic-staples/","Foodgrains, oil & Masala","https://naturestokri.com/product-category/all-organic-staples/foodgrains-oil-masala/","<img
width=""300"" height=""200"" src=""https://naturestokri.com/wp-content/uploads/2018/06/organic-red-masoor-dal_1-300x200.jpg"" class=""attachment-woocommerce_thumbnail size-woocommerce_thumbnail wp-post-image"" alt=""Red Masoor Dal"" />","https://naturestokri.com/store/all-organic-staples/organic-masoor-dal/","Organic Masoor Dal – Without Skin","<option value="""">Choose an option</option><option value=""500 gms pouch"" class=""attached enabled"">500 gms pouch</option>","Masoor dal is possibly the most generally used Daal in India. It is essentially the split lentil with no skin and is red in color. Organic masoor dal is logically available with no skin. As it is split it does not need prior soaking. When cooked, it turns into a flexible golden colored dal. It has one of the maximum percentages of protein.BB Royal Masoor dal is free from synthetic chemicals and pesticides.","₹75.00","null"
"1536417268-12","https://naturestokri.com/product-category/all-organic-staples/","Atta, Flours & Sooji","https://naturestokri.com/product-category/all-organic-staples/foodgrains-oil-masala/atta-flours-sooji/","<img
width=""300"" height=""200"" src=""https://naturestokri.com/wp-content/uploads/2018/07/Lokwan-Flour-300x200.jpg"" class=""attachment-woocommerce_thumbnail size-woocommerce_thumbnail wp-post-image"" alt="""" />","https://naturestokri.com/store/all-organic-staples/organic-wheat-flour-wheat-atta-lokwan/","Organic Wheat Flour / Wheat Atta – Lokwan","<option value="""">Choose an option</option><option value=""1 kg Pouch"" class=""attached enabled"">1 kg Pouch</option>","We Strive to cycle resources, promote ecological balance, and conserve biodiversity and bring to you Organic Wheat Flour / Wheat Atta – Lokwan that is processed using the best agricultural produce and practices. This product is cleaned, processed and packed in the most hygienic conditions to preserve its natural nutrition for your health benefits.","₹64.00","₹95.00"
"1536417335-39","https://naturestokri.com/product-category/all-organic-staples/","Foodgrains, oil & Masala","https://naturestokri.com/product-category/all-organic-staples/foodgrains-oil-masala/","<img
width=""300"" height=""200"" src=""https://naturestokri.com/wp-content/uploads/2018/07/white-poha-beaten-rice-2-300x200.jpg"" class=""attachment-woocommerce_thumbnail size-woocommerce_thumbnail wp-post-image"" alt="""" />","https://naturestokri.com/store/all-organic-staples/organic-thin-poha/","Organic Thin Poha","<option value="""">Choose an option</option><option value=""500 gms Pouch"" class=""attached enabled"">500 gms Pouch</option>","We Strive to cycle resources, promote ecological balance, and conserve biodiversity and bring to you Organic Thin Poha that is grown using the best agricultural practices. This product is cleaned, processed and packed in the most hygienic conditions to preserve its natural nutrition for your health benefits.","₹51.00","null"
"1536417263-10","https://naturestokri.com/product-category/all-organic-staples/","Atta, Flours & Sooji","https://naturestokri.com/product-category/all-organic-staples/foodgrains-oil-masala/atta-flours-sooji/","<img
width=""300"" height=""200"" src=""https://naturestokri.com/wp-content/uploads/2018/07/Besan-500g-front-300x200.jpg"" class=""attachment-woocommerce_thumbnail size-woocommerce_thumbnail wp-post-image"" alt="""" />","https://naturestokri.com/store/all-organic-staples/pro-nature-besan-gram-flour-organic-500gms/","Pro Nature Besan / Gram Flour-organic – 500gms","","fssai Lic No:10015043001204

Manufactured By:

Pro Nature Organic Foods Pvt Ltd,

A-4,NGEF Ancillary Industrial Estate,Graphite India Road,Mahadevapura,Bangalore 560048,Karnataka","₹136.00","null"
"1536417309-29","https://naturestokri.com/product-category/all-organic-staples/","Foodgrains, oil & Masala","https://naturestokri.com/product-category/all-organic-staples/foodgrains-oil-masala/","<img
width=""300"" height=""200"" src=""https://naturestokri.com/wp-content/uploads/2018/07/organic-brown-sugar-300x200.jpg"" class=""attachment-woocommerce_thumbnail size-woocommerce_thumbnail wp-post-image"" alt="""" />","https://naturestokri.com/store/all-organic-staples/organic-sugar-brown/","Organic Sugar – Brown","<option value="""">Choose an option</option><option value=""500 gms Pouch"" class=""attached enabled"">500 gms Pouch</option>","We Strive to cycle resources, promote ecological balance, and conserve biodiversity and bring to you Organic Sugar – Brown that is produced using the best agricultural produce and practices. This product is cleaned, processed and packed in the most hygienic conditions to preserve its natural nutrition for your health benefits.","₹70.00","₹95.00"
"1536417364-51","https://naturestokri.com/product-category/all-organic-staples/","Foodgrains, oil & Masala","https://naturestokri.com/product-category/all-organic-staples/foodgrains-oil-masala/","<img
width=""300"" height=""200"" src=""https://naturestokri.com/wp-content/uploads/2018/07/Organic-toor-arhar-dal-polished-300x200.jpg"" class=""attachment-woocommerce_thumbnail size-woocommerce_thumbnail wp-post-image"" alt=""Organic toor dal"" />","https://naturestokri.com/store/all-organic-staples/organic-toor-arhar-dal-split-unpolished/","Organic Toor Dal / Arhar Dal Split – Unpolished","<option value="""">Choose an option</option><option value=""500 gms Pouch"" class=""attached enabled"">500 gms Pouch</option><option value=""1 kg Pouch"" class=""attached enabled"">1 kg Pouch</option>","Toor Dal is one of the staple foods to add its importance in Indian cuisines. Organic Toor dal is rich in Fibre, Carbohydrates, Protein, Calcium, and Fat. The flavor and the taste of Tur dal is unique and is one of the most appetizing dals. It is certified organic dal which is free from synthetic chemicals and pesticides.","₹83.00","₹83.00"
"1536417304-27","https://naturestokri.com/product-category/all-organic-staples/","Foodgrains, oil & Masala","https://naturestokri.com/product-category/all-organic-staples/foodgrains-oil-masala/","<img
width=""300"" height=""200"" src=""https://naturestokri.com/wp-content/uploads/2018/07/jaggery-granules-300x200.jpeg"" class=""attachment-woocommerce_thumbnail size-woocommerce_thumbnail wp-post-image"" alt="""" />","https://naturestokri.com/store/all-organic-staples/organic-jaggery-granules/","Organic Jaggery Granules","<option value="""">Choose an option</option><option value=""500 gms Pouch"" class=""attached enabled"">500 gms Pouch</option>","We Strive to cycle resources, promote ecological balance, and conserve biodiversity and bring to you Organic Jaggery Granules that is grown using the best agricultural practices. This product is cleaned, processed and packed in the most hygienic conditions to preserve its natural nutrition for your health benefits.","₹61.00","₹79.00"
"1536417274-15","https://naturestokri.com/product-category/all-organic-staples/","Atta, Flours & Sooji","https://naturestokri.com/product-category/all-organic-staples/foodgrains-oil-masala/atta-flours-sooji/","<img
width=""300"" height=""200"" src=""https://naturestokri.com/wp-content/uploads/2018/07/organic-maida-300x200.jpg"" class=""attachment-woocommerce_thumbnail size-woocommerce_thumbnail wp-post-image"" alt="""" />","https://naturestokri.com/store/all-organic-staples/organic-maida/","Organic Maida","<option value="""">Choose an option</option><option value=""500 gms Pouch"" class=""attached enabled"">500 gms Pouch</option>","We Strive to cycle resources, promote ecological balance, and conserve biodiversity and bring to you Organic Maida that is grown using the best agricultural practices. This product is cleaned, processed and packed in the most hygienic conditions to preserve its natural nutrition for your health benefits.","₹38.00","₹73.00"
"1536417361-50","https://naturestokri.com/product-category/all-organic-staples/","Foodgrains, oil & Masala","https://naturestokri.com/product-category/all-organic-staples/foodgrains-oil-masala/","<img
width=""300"" height=""200"" src=""https://naturestokri.com/wp-content/uploads/2018/07/urad-dal-white-split-300x200.jpg"" class=""attachment-woocommerce_thumbnail size-woocommerce_thumbnail wp-post-image"" alt="""" />","https://naturestokri.com/store/all-organic-staples/organic-urad-dal-white-split-skinless-without-chilka/","Organic Urad Dal White Split Skinless/Without Chilka","<option value="""">Choose an option</option><option value=""500 gms Pouch"" class=""attached enabled"">500 gms Pouch</option>","We Strive to cycle resources, promote ecological balance, and conserve biodiversity and bring to you Organic Urad Dal White Split Skinless that is grown using the best agricultural practices. This product is cleaned, processed and packed in the most hygienic conditions to preserve its natural nutrition for your health benefits.","₹87.00","null"
"1536417352-46","https://naturestokri.com/product-category/all-organic-staples/","Foodgrains, oil & Masala","https://naturestokri.com/product-category/all-organic-staples/foodgrains-oil-masala/","<img
width=""300"" height=""200"" src=""https://naturestokri.com/wp-content/uploads/2018/07/wheat-sharbati-1-300x200.jpg"" class=""attachment-woocommerce_thumbnail size-woocommerce_thumbnail wp-post-image"" alt=""OrgoKing Organic Wheat Sharbati"" />","https://naturestokri.com/store/all-organic-staples/organic-wheat-sharbati/","OrgoKing Organic Wheat Sharbati – 1kg Pack","","null","₹96.00","null"
"1536417293-22","https://naturestokri.com/product-category/all-organic-staples/","Foodgrains, oil & Masala","https://naturestokri.com/product-category/all-organic-staples/foodgrains-oil-masala/","<img
width=""300"" height=""200"" src=""https://naturestokri.com/wp-content/uploads/2018/07/Sonamassori-Rice-Brown-1-Kg-Front-300x200.jpg"" class=""attachment-woocommerce_thumbnail size-woocommerce_thumbnail wp-post-image"" alt="""" />","https://naturestokri.com/store/all-organic-staples/pro-nature-sonamasoori-rice-brown-1kg-pouch/","Pro Nature Sonamasoori Rice – Brown – 1kg Pouch","","fssai Lic No:10015043001204

Manufactured By:

Pro Nature Organic Foods Pvt Ltd,

A-4,NGEF Ancillary Industrial Estate,Graphite India Road,Mahadevapura,Bangalore 560048,Karnataka","₹93.00","null"
"1536417257-7","https://naturestokri.com/product-category/all-organic-staples/","Atta, Flours & Sooji","https://naturestokri.com/product-category/all-organic-staples/foodgrains-oil-masala/atta-flours-sooji/","<img
width=""300"" height=""200"" src=""https://naturestokri.com/wp-content/uploads/2018/07/Sooji-Rava-500g-front-300x200.jpg"" class=""attachment-woocommerce_thumbnail size-woocommerce_thumbnail wp-post-image"" alt=""Pro Nature Sooji Rava"" />","https://naturestokri.com/store/all-organic-staples/foodgrains-oil-masala/atta-flours-sooji/pro-nature-sooji-rava-500gms-pack/","Pro Nature Sooji Rava – 500gms Pack","","fssai Lic No:10015043001204

Manufactured By:

Pro Nature Organic Foods Pvt Ltd,

A-4,NGEF Ancillary Industrial Estate,Graphite India Road,Mahadevapura,Bangalore 560048,Karnataka","₹45.00","null"
"1536417248-3","https://naturestokri.com/product-category/all-organic-staples/","Atta, Flours & Sooji","https://naturestokri.com/product-category/all-organic-staples/foodgrains-oil-masala/atta-flours-sooji/","<img
width=""300"" height=""200"" src=""https://naturestokri.com/wp-content/uploads/2018/08/HDSC3224-39-300x200.jpg"" class=""attachment-woocommerce_thumbnail size-woocommerce_thumbnail wp-post-image"" alt=""Natureap Ragi Flour"" />","https://naturestokri.com/store/all-organic-staples/foodgrains-oil-masala/atta-flours-sooji/natureap-ragi-flour-nachani-satva-500gms/","Natureap Ragi Flour / Nachani Satva – 500gms","","null","₹55.00","null"
"1536417320-33","https://naturestokri.com/product-category/all-organic-staples/","Foodgrains, oil & Masala","https://naturestokri.com/product-category/all-organic-staples/foodgrains-oil-masala/","<img
width=""300"" height=""200"" src=""https://naturestokri.com/wp-content/uploads/2018/07/mustard-rai-big-300x200.jpg"" class=""attachment-woocommerce_thumbnail size-woocommerce_thumbnail wp-post-image"" alt="""" />","https://naturestokri.com/store/all-organic-staples/organic-mustard-rai-big/","Organic Mustard / Rai Big","<option value="""">Choose an option</option><option value=""100 gms Pouch"" class=""attached enabled"">100 gms Pouch</option>","We Strive to cycle resources, promote ecological balance, and conserve biodiversity and bring to you Organic Mustard / Rai Big that is grown using the best agricultural practices. This product is cleaned, processed and packed in the most hygienic conditions to preserve its natural nutrition for your health benefits.","₹27.00","null"
"1536417306-28","https://naturestokri.com/product-category/all-organic-staples/","Foodgrains, oil & Masala","https://naturestokri.com/product-category/all-organic-staples/foodgrains-oil-masala/","<img
width=""300"" height=""200"" src=""https://naturestokri.com/wp-content/uploads/2018/07/organic-chilli-powder-300x200.jpg"" class=""attachment-woocommerce_thumbnail size-woocommerce_thumbnail wp-post-image"" alt="""" />","https://naturestokri.com/store/all-organic-staples/organic-red-chilli-powder-lal-mirch-powder/","Organic Red Chilli Powder/ Lal Mirch Powder","<option value="""">Choose an option</option><option value=""100 gms Pouch"" class=""attached enabled"">100 gms Pouch</option><option value=""200 gms Pouch"" class=""attached enabled"">200 gms Pouch</option>","We Strive to cycle resources, promote ecological balance, and conserve biodiversity and bring to you Organic Red Chilli Powder/ Lal Mirch Powder that is prepared using the best agricultural produce and practices. This product is cleaned, processed and packed in the most hygienic conditions to preserve its natural nutrition for your health benefits.","₹42.00","₹73.00"
"1536417343-42","https://naturestokri.com/product-category/all-organic-staples/","Foodgrains, oil & Masala","https://naturestokri.com/product-category/all-organic-staples/foodgrains-oil-masala/","<img
width=""300"" height=""200"" src=""https://naturestokri.com/wp-content/uploads/2018/07/brown-basmati-rice-300x200.jpg"" class=""attachment-woocommerce_thumbnail size-woocommerce_thumbnail wp-post-image"" alt="""" />","https://naturestokri.com/store/all-organic-staples/organic-basmati-rice-brown/","Organic Basmati Rice Brown","<option value="""">Choose an option</option><option value=""1 kg Pouch"" class=""attached enabled"">1 kg Pouch</option>","We Strive to cycle resources, promote ecological balance, and conserve biodiversity and bring to you Organic Basmati Rice Brown that is grown using the best agricultural practices. This product is cleaned, processed and packed in the most hygienic conditions to preserve its natural nutrition for your health benefits.","₹186.00","₹95.00"
"1536417337-40","https://naturestokri.com/product-category/all-organic-staples/","Foodgrains, oil & Masala","https://naturestokri.com/product-category/all-organic-staples/foodgrains-oil-masala/","<img
width=""300"" height=""200"" src=""https://naturestokri.com/wp-content/uploads/2018/07/organic-sona-masoori-raw-rice-300x200.jpg"" class=""attachment-woocommerce_thumbnail size-woocommerce_thumbnail wp-post-image"" alt="""" />","https://naturestokri.com/store/all-organic-staples/organic-sona-masoori-rice-raw/","Organic Sona Masoori Rice – Hand Pounded","<option value="""">Choose an option</option><option value=""1 kg Pouch"" class=""attached enabled"">1 kg Pouch</option>","We Strive to cycle resources, promote ecological balance, and conserve biodiversity and bring to you Organic Sona Masoori Rice – Hand Pounded that is grown using the best agricultural practices. This product is cleaned, processed and packed in the most hygienic conditions to preserve its natural nutrition for your health benefits.","₹114.00","₹95.00"
"1536417253-5","https://naturestokri.com/product-category/all-organic-staples/","Atta, Flours & Sooji","https://naturestokri.com/product-category/all-organic-staples/foodgrains-oil-masala/atta-flours-sooji/","<img
width=""300"" height=""200"" src=""https://naturestokri.com/wp-content/uploads/2018/08/HDSC3224-17-300x200.jpg"" class=""attachment-woocommerce_thumbnail size-woocommerce_thumbnail wp-post-image"" alt=""Natureap Whole Wheat Atta"" />","https://naturestokri.com/store/all-organic-staples/natureap-whole-wheat-atta-1kg-pouch/","Natureap Whole Wheat Atta – 1kg Pouch","","null","₹62.00","null"
"1536417322-34","https://naturestokri.com/product-category/all-organic-staples/","Foodgrains, oil & Masala","https://naturestokri.com/product-category/all-organic-staples/foodgrains-oil-masala/","<img
width=""300"" height=""200"" src=""https://naturestokri.com/wp-content/uploads/2018/07/mustard-rai-small-300x200.jpg"" class=""attachment-woocommerce_thumbnail size-woocommerce_thumbnail wp-post-image"" alt="""" />","https://naturestokri.com/store/all-organic-staples/organic-mustard-rai-small/","Organic Mustard / Rai Small","<option value="""">Choose an option</option><option value=""100 gms Pouch"" class=""attached enabled"">100 gms Pouch</option>","We Strive to cycle resources, promote ecological balance, and conserve biodiversity and bring to you Organic Mustard / Rai Small that is grown using the best agricultural practices. This product is cleaned, processed and packed in the most hygienic conditions to preserve its natural nutrition for your health benefits.","₹28.00","₹79.00"
"1536417374-53","https://naturestokri.com/product-category/all-organic-staples/","Foodgrains, oil & Masala","https://naturestokri.com/product-category/all-organic-staples/foodgrains-oil-masala/","<img
width=""300"" height=""200"" src=""https://naturestokri.com/wp-content/uploads/2018/06/kabuli-channa-300x200.jpg"" class=""attachment-woocommerce_thumbnail size-woocommerce_thumbnail wp-post-image"" alt="""" />","https://naturestokri.com/store/all-organic-staples/organic-kabuli-channa/","Organic Kabuli Channa","<option value="""">Choose an option</option><option value=""500 gms"" class=""attached enabled"">500 gms</option>","We Strive to cycle resources, promote ecological balance, and conserve biodiversity and bring to you Organic Kabuli Channa that is grown using the best agricultural practices. This product is cleaned, processed and packed in the most hygienic conditions to preserve its natural nutrition for your health benefits.","₹113.00","₹83.00"
"1536417291-21","https://naturestokri.com/product-category/all-organic-staples/","Foodgrains, oil & Masala","https://naturestokri.com/product-category/all-organic-staples/foodgrains-oil-masala/","<img
width=""300"" height=""200"" src=""https://naturestokri.com/wp-content/uploads/2018/07/Sonamasoori-Hand-Pound-5kg-Front-300x200.jpg"" class=""attachment-woocommerce_thumbnail size-woocommerce_thumbnail wp-post-image"" alt=""Pro Nature Sonamasoori Rice"" />","https://naturestokri.com/store/all-organic-staples/foodgrains-oil-masala/pro-nature-sonamasoori-ricehand-pound-1kg-pack/","Pro Nature Sonamasoori Rice(Hand Pound) – 1kg Pack","","fssai Lic No:10015043001204

Manufactured By:

Pro Nature Organic Foods Pvt Ltd,

A-4,NGEF Ancillary Industrial Estate,Graphite India Road,Mahadevapura,Bangalore 560048,Karnataka","₹94.00","₹83.00"
"1536417243-1","https://naturestokri.com/product-category/all-organic-staples/","Atta, Flours & Sooji","https://naturestokri.com/product-category/all-organic-staples/foodgrains-oil-masala/atta-flours-sooji/","<img
width=""300"" height=""200"" src=""https://naturestokri.com/wp-content/uploads/2018/08/HDSC3224-18-300x200.jpg"" class=""attachment-woocommerce_thumbnail size-woocommerce_thumbnail wp-post-image"" alt=""Natureap Fine Ground Atta"" />","https://naturestokri.com/store/all-organic-staples/foodgrains-oil-masala/atta-flours-sooji/natureap-fine-ground-atta-1kg-pouch/","Natureap Fine Ground Atta – 1kg Pouch","","null","₹65.00","null"
"1536417302-26","https://naturestokri.com/product-category/all-organic-staples/","Foodgrains, oil & Masala","https://naturestokri.com/product-category/all-organic-staples/foodgrains-oil-masala/","<img
width=""300"" height=""200"" src=""https://naturestokri.com/wp-content/uploads/2018/07/Semi-Brown-Sugar.jpg"" class=""attachment-woocommerce_thumbnail size-woocommerce_thumbnail wp-post-image"" alt="""" />","https://naturestokri.com/store/all-organic-staples/organic-sugar-semi-brown/","Organic Sugar – Semi Brown","<option value="""">Choose an option</option><option value=""500 gms Pouch"" class=""attached enabled"">500 gms Pouch</option>","We Strive to cycle resources, promote ecological balance, and conserve biodiversity and bring to you Organic Sugar – Semi Brown, that is prepared using the best agricultural practices. This product is cleaned, processed and packed in the most hygienic conditions to preserve its natural nutrition for your health benefits.","₹67.00","₹83.00"
"1536417328-36","https://naturestokri.com/product-category/all-organic-staples/","Foodgrains, oil & Masala","https://naturestokri.com/product-category/all-organic-staples/foodgrains-oil-masala/","<img
width=""300"" height=""200"" src=""https://naturestokri.com/wp-content/uploads/2018/07/organic-coriander-powder-300x200.jpg"" class=""attachment-woocommerce_thumbnail size-woocommerce_thumbnail wp-post-image"" alt="""" />","https://naturestokri.com/store/all-organic-staples/organic-coriander-powder-dhaniya-powder/","Organic Coriander Powder / Dhaniya Powder","<option value="""">Choose an option</option><option value=""100 gms Pouch"" class=""attached enabled"">100 gms Pouch</option>","We Strive to cycle resources, promote ecological balance, and conserve biodiversity and bring to you Organic Coriander Powder / Dhaniya Powder that is prepared using the best agricultural practices. This product is cleaned, processed and packed in the most hygienic conditions to preserve its natural nutrition for your health benefits.","₹38.00","null"
"1536417379-55","https://naturestokri.com/product-category/all-organic-staples/","Foodgrains, oil & Masala","https://naturestokri.com/product-category/all-organic-staples/foodgrains-oil-masala/","<img
width=""300"" height=""200"" src=""https://naturestokri.com/wp-content/uploads/2018/06/hawlilobia-black-eye-300x200.jpg"" class=""attachment-woocommerce_thumbnail size-woocommerce_thumbnail wp-post-image"" alt="""" />","https://naturestokri.com/store/all-organic-staples/organic-lobia-chawli-black-eye/","Organic Lobia Chawli – Black eye","<option value="""">Choose an option</option><option value=""500 gms Pouch"" class=""attached enabled"">500 gms Pouch</option>","We Strive to cycle resources, promote ecological balance, and conserve biodiversity and bring to you Organic Lobia Chawli – Black eye, that is grown using the best agricultural practices. This product is cleaned, processed and packed in the most hygienic conditions to preserve its natural nutrition for your health benefits.","₹81.00","₹79.00"
"1536417332-38","https://naturestokri.com/product-category/all-organic-staples/","Foodgrains, oil & Masala","https://naturestokri.com/product-category/all-organic-staples/foodgrains-oil-masala/","<img
width=""300"" height=""200"" src=""https://naturestokri.com/wp-content/uploads/2018/07/red-chilli-whole-300x200.jpg"" class=""attachment-woocommerce_thumbnail size-woocommerce_thumbnail wp-post-image"" alt="""" />","https://naturestokri.com/store/all-organic-staples/organic-red-chilli-whole/","Organic Red Chilli – Whole","<option value="""">Choose an option</option><option value=""200 gms Pouch"" class=""attached enabled"">200 gms Pouch</option>","We Strive to cycle resources, promote ecological balance, and conserve biodiversity and bring to you Organic Red Chilli – Whole that is grown using the best agricultural practices. This product is cleaned, processed and packed in the most hygienic conditions to preserve its natural nutrition for your health benefits.","₹68.00","₹83.00"
"1536417326-35","https://naturestokri.com/product-category/all-organic-staples/","Foodgrains, oil & Masala","https://naturestokri.com/product-category/all-organic-staples/foodgrains-oil-masala/","<img
width=""300"" height=""200"" src=""https://naturestokri.com/wp-content/uploads/2018/07/cumin-jeera-whole-300x200.jpg"" class=""attachment-woocommerce_thumbnail size-woocommerce_thumbnail wp-post-image"" alt="""" />","https://naturestokri.com/store/all-organic-staples/organic-jeera-cumin/","Organic Jeera / Cumin","<option value="""">Choose an option</option><option value=""100 gms Pouch"" class=""attached enabled"">100 gms Pouch</option>","We Strive to cycle resources, promote ecological balance, and conserve biodiversity and bring to you Organic Jeera / Cumin that is grown using the best agricultural practices. This product is cleaned, processed and packed in the most hygienic conditions to preserve its natural nutrition for your health benefits.","₹61.00","₹95.00"
"1536417389-58","https://naturestokri.com/product-category/all-organic-staples/","Foodgrains, oil & Masala","https://naturestokri.com/product-category/all-organic-staples/foodgrains-oil-masala/","<img
width=""300"" height=""200"" src=""https://naturestokri.com/wp-content/uploads/2018/06/orgo-king-organic-moong-dal-2-300x200.jpg"" class=""attachment-woocommerce_thumbnail size-woocommerce_thumbnail wp-post-image"" alt="""" />","https://naturestokri.com/store/all-organic-staples/organic-moong-dal/","Organic moong dal","<option value="""">Choose an option</option><option value=""500 gms pouch"" class=""attached enabled"">500 gms pouch</option><option value=""1 kg pouch"" class=""attached enabled"">1 kg pouch</option>","Moong Dal is one of the most popular lentils / Daal, eaten across India. Orgo King moong dal is 100% organic, pesticides. Orgo King products are certified organic products delivered for the the healthiest lifestyle with finest quality, which is evident from the shine on the lentils. The daal is sourced directly from farmers, is packed in a way that it retains the maximum nutrient value.","₹95.00","₹95.00"
"1536417358-49","https://naturestokri.com/product-category/all-organic-staples/","Foodgrains, oil & Masala","https://naturestokri.com/product-category/all-organic-staples/foodgrains-oil-masala/","<img
width=""300"" height=""200"" src=""https://naturestokri.com/wp-content/uploads/2018/07/OrgoKing-organic-raw-peanuts-300x200.jpg"" class=""attachment-woocommerce_thumbnail size-woocommerce_thumbnail wp-post-image"" alt="""" />","https://naturestokri.com/store/all-organic-staples/organic-white-peas-matar/","Organic Raw Peanuts / Shengdane","<option value="""">Choose an option</option><option value=""500 gms Pouch"" class=""attached enabled"">500 gms Pouch</option>","We Strive to cycle resources, promote ecological balance, and conserve biodiversity and bring to you Organic Raw Peanuts that is grown using the best agricultural practices. This product is cleaned, processed and packed in the most hygienic conditions to preserve its natural nutrition for your health benefits.","₹113.00","null"
"1536417354-47","https://naturestokri.com/product-category/all-organic-staples/","Foodgrains, oil & Masala","https://naturestokri.com/product-category/all-organic-staples/foodgrains-oil-masala/","<img
width=""300"" height=""200"" src=""https://naturestokri.com/wp-content/uploads/2018/07/wheat-lokwan-1-300x200.jpg"" class=""attachment-woocommerce_thumbnail size-woocommerce_thumbnail wp-post-image"" alt=""Organic Wheat Lokwan"" />","https://naturestokri.com/store/all-organic-staples/organic-wheat-lokwan/","OrgoKing Organic Wheat Lokwan 1kg Pack","","null","₹58.00","null"
"1536417299-25","https://naturestokri.com/product-category/all-organic-staples/","Foodgrains, oil & Masala","https://naturestokri.com/product-category/all-organic-staples/foodgrains-oil-masala/","<img
width=""300"" height=""200"" src=""https://naturestokri.com/wp-content/uploads/2018/07/Basmati-Rice-1kg-Front-300x200.jpg"" class=""attachment-woocommerce_thumbnail size-woocommerce_thumbnail wp-post-image"" alt="""" />","https://naturestokri.com/store/all-organic-staples/pro-nature-basmati-rice-organic-1kg-pack/","Pro Nature Basmati Rice – Organic – 1kg pack","","fssai Lic No:10015043001204

Manufactured By:

Pro Nature Organic Foods Pvt Ltd,

A-4,NGEF Ancillary Industrial Estate,Graphite India Road,Mahadevapura,Bangalore 560048,Karnataka","₹208.00","null"
"1536417259-8","https://naturestokri.com/product-category/all-organic-staples/","Atta, Flours & Sooji","https://naturestokri.com/product-category/all-organic-staples/foodgrains-oil-masala/atta-flours-sooji/","<img
width=""300"" height=""200"" src=""https://naturestokri.com/wp-content/uploads/2018/07/Ragi-Flour-500g-Front-300x200.jpg"" class=""attachment-woocommerce_thumbnail size-woocommerce_thumbnail wp-post-image"" alt=""Pro Nature Ragi Flour"" />","https://naturestokri.com/store/all-organic-staples/foodgrains-oil-masala/atta-flours-sooji/pro-nature-ragi-flour-nachani-ragula-nagli-500gms-pack/","Pro Nature Ragi Flour / Nachani / Nagli – 500gms Pack","","fssai Lic No:10015043001204
Manufactured By:
Pro Nature Organic Foods Pvt Ltd,
A-4,NGEF Ancillary Industrial Estate,Graphite India Road,Mahadevapura,Bangalore 560048,Karnataka","₹48.00","null"
"1536417272-14","https://naturestokri.com/product-category/all-organic-staples/","Atta, Flours & Sooji","https://naturestokri.com/product-category/all-organic-staples/foodgrains-oil-masala/atta-flours-sooji/","<img
width=""300"" height=""200"" src=""https://naturestokri.com/wp-content/uploads/2018/07/soojirava-300x200.jpg"" class=""attachment-woocommerce_thumbnail size-woocommerce_thumbnail wp-post-image"" alt="""" />","https://naturestokri.com/store/all-organic-staples/organic-sooji-rawa/","Organic Sooji Rawa","<option value="""">Choose an option</option><option value=""500 gms Pouch"" class=""attached enabled"">500 gms Pouch</option>","We Strive to cycle resources, promote ecological balance, and conserve biodiversity and bring to you Organic Sooji Rawa that is grown using the best agricultural practices. This product is cleaned, processed and packed in the most hygienic conditions to preserve its natural nutrition for your health benefits.","₹47.00","null"
"1536417287-19","https://naturestokri.com/product-category/all-organic-staples/","Foodgrains, oil & Masala","https://naturestokri.com/product-category/all-organic-staples/foodgrains-oil-masala/","<img
width=""300"" height=""200"" src=""https://naturestokri.com/wp-content/uploads/2018/07/Wheat-Lokwan-1-kg-Front-300x200.jpg"" class=""attachment-woocommerce_thumbnail size-woocommerce_thumbnail wp-post-image"" alt=""Pro Nature Wheat Lokwan"" />","https://naturestokri.com/store/all-organic-staples/foodgrains-oil-masala/pro-nature-wheat-lokwan-5kg-bag/","Pro Nature Wheat Lokwan – 5kg Bag","","fssai Lic No:10015043001204

Manufactured By:

Pro Nature Organic Foods Pvt Ltd,

A-4,NGEF Ancillary Industrial Estate,Graphite India Road,Mahadevapura,Bangalore 560048,Karnataka","₹288.00","₹95.00"
"1536417356-48","https://naturestokri.com/product-category/all-organic-staples/","Foodgrains, oil & Masala","https://naturestokri.com/product-category/all-organic-staples/foodgrains-oil-masala/","<img
width=""300"" height=""200"" src=""https://naturestokri.com/wp-content/uploads/2018/07/organic-wheat-broken-dhaliya-1-300x200.jpg"" class=""attachment-woocommerce_thumbnail size-woocommerce_thumbnail wp-post-image"" alt="""" />","https://naturestokri.com/store/all-organic-staples/organic-wheat-broken-dhaliya-daliya/","Organic Wheat Broken / Dhaliya / Daliya","<option value="""">Choose an option</option><option value=""500 gms Pouch"" class=""attached enabled"">500 gms Pouch</option>","We Strive to cycle resources, promote ecological balance, and conserve biodiversity and bring to you Organic Wheat Broken/Organic Dhaliya that is grown using the best agricultural practices. This product is cleaned, processed and packed in the most hygienic conditions to preserve its natural nutrition for your health benefits.","₹43.00","₹83.00"
"1536417245-2","https://naturestokri.com/product-category/all-organic-staples/","Atta, Flours & Sooji","https://naturestokri.com/product-category/all-organic-staples/foodgrains-oil-masala/atta-flours-sooji/","<img
width=""300"" height=""200"" src=""https://naturestokri.com/wp-content/uploads/2018/08/HDSC3224-46--300x200.jpg"" class=""attachment-woocommerce_thumbnail size-woocommerce_thumbnail wp-post-image"" alt=""Natureap Sooji Rava"" />","https://naturestokri.com/store/all-organic-staples/foodgrains-oil-masala/atta-flours-sooji/natureap-sooji-rava-500gms/","Natureap Sooji Rava – 500gms","","null","₹50.00","null"
"1536417255-6","https://naturestokri.com/product-category/all-organic-staples/","Atta, Flours & Sooji","https://naturestokri.com/product-category/all-organic-staples/foodgrains-oil-masala/atta-flours-sooji/","<img
width=""300"" height=""200"" src=""https://naturestokri.com/wp-content/uploads/2018/07/chana-sattu_250-gms-300x200.jpg"" class=""attachment-woocommerce_thumbnail size-woocommerce_thumbnail wp-post-image"" alt="""" />","https://naturestokri.com/store/all-organic-staples/pro-nature-channa-sattu-250gms-pack/","Pro Nature Channa Sattu – 250gms pack","","fssai Lic No:10015043001204

Manufactured By:

Pro Nature Organic Foods Pvt Ltd,

A-4,NGEF Ancillary Industrial Estate,Graphite India Road,Mahadevapura,Bangalore 560048,Karnataka","₹68.00","null"
"1536417277-16","https://naturestokri.com/product-category/all-organic-staples/","Atta, Flours & Sooji","https://naturestokri.com/product-category/all-organic-staples/foodgrains-oil-masala/atta-flours-sooji/","<img
width=""300"" height=""200"" src=""https://naturestokri.com/wp-content/uploads/2018/07/organic-ragi-flour-300x200.jpg"" class=""attachment-woocommerce_thumbnail size-woocommerce_thumbnail wp-post-image"" alt="""" />","https://naturestokri.com/store/all-organic-staples/organic-ragi-flour-atta-finger-millet-flour/","Organic Ragi Flour Atta/Finger Millet Flour","<option value="""">Choose an option</option><option value=""500 gms Pouch"" class=""attached enabled"">500 gms Pouch</option>","We Strive to cycle resources, promote ecological balance, and conserve biodiversity and bring to you Organic Ragi Flour Atta/Finger Millet Flour that is grown using the best agricultural practices. This product is cleaned, processed and packed in the most hygienic conditions to preserve its natural nutrition for your health benefits.","₹57.00","null"
